<hark_xml version="1.3">
    <positions type="microphone" frame="1" coordinate="cartesian">
        <position x="0.062" y="0.000" z="0.090" id="0"/>
        <position x="0.050" y="0.021" z="0.120" id="1"/>
        <position x="0.044" y="0.044" z="0.090" id="2"/>
        <position x="0.021" y="0.034" z="0.150" id="3"/>
        <position x="0.000" y="0.062" z="0.090" id="4"/>
        <position x="-0.021" y="0.050" z="0.120" id="5"/>
        <position x="-0.044" y="0.044" z="0.090" id="6"/>
        <position x="-0.050" y="0.014" z="0.150" id="7"/>
        <position x="-0.062" y="0.000" z="0.090" id="8"/>
        <position x="-0.050" y="-0.021" z="0.120" id="9"/>
        <position x="-0.044" y="-0.044" z="0.090" id="10"/>
        <position x="-0.021" y="-0.034" z="0.150" id="11"/>
        <position x="-0.000" y="-0.062" z="0.090" id="12"/>
        <position x="0.021" y="-0.050" z="0.120" id="13"/>
        <position x="0.044" y="-0.044" z="0.090" id="14"/>
        <position x="0.050" y="-0.014" z="0.150" id="15"/>
    </positions>
</hark_xml>
